{"stats":{"minecraft:crafted":{"minecraft:birch_planks":16,"minecraft:crafting_table":1,"minecraft:air":16},"minecraft:mined":{"minecraft:birch_log":7},"minecraft:broken":{"minecraft:stone_pickaxe":1},"minecraft:used":{"minecraft:stone_pickaxe":5},"minecraft:picked_up":{"minecraft:stone_pickaxe":1,"minecraft:birch_log":7},"minecraft:custom":{"minecraft:jump":8,"minecraft:time_since_rest":13683,"minecraft:damage_dealt":103,"minecraft:leave_game":1,"minecraft:sprint_one_cm":3701,"minecraft:play_time":13683,"minecraft:damage_taken":130,"minecraft:time_since_death":13683,"minecraft:walk_one_cm":5632,"minecraft:total_world_time":13683,"minecraft:fall_one_cm":482,"minecraft:fly_one_cm":670}},"DataVersion":3465}