{"stats":{"minecraft:killed":{"minecraft:sheep":6,"minecraft:zombie":2,"minecraft:chicken":4,"minecraft:cow":4},"minecraft:mined":{"minecraft:furnace":2,"minecraft:iron_ore":1,"minecraft:birch_log":17,"minecraft:grass":4,"minecraft:grass_block":4,"minecraft:oak_log":22,"minecraft:dirt":5,"minecraft:stone":16},"minecraft:crafted":{"minecraft:oak_planks":22,"minecraft:crafting_table":2,"minecraft:stick":12,"minecraft:wooden_pickaxe":1,"minecraft:cooked_chicken":3,"minecraft:stone_pickaxe":1,"minecraft:stone_sword":1,"minecraft:birch_planks":26,"minecraft:stone_axe":1,"minecraft:cooked_mutton":7,"minecraft:air":144},"minecraft:broken":{"minecraft:stone_pickaxe":1},"minecraft:used":{"minecraft:cooked_mutton":1,"minecraft:stone_sword":35,"minecraft:stone_pickaxe":10,"minecraft:wooden_pickaxe":15,"minecraft:cooked_chicken":3,"minecraft:rotten_flesh":2,"minecraft:stone_axe":32,"minecraft:dirt":3,"minecraft:crafting_table":1,"minecraft:furnace":1},"minecraft:picked_up":{"minecraft:birch_log":17,"minecraft:raw_iron":1,"minecraft:feather":3,"minecraft:chicken":4,"minecraft:leather":3,"minecraft:birch_planks":5,"minecraft:oak_log":22,"minecraft:dirt":9,"minecraft:rotten_flesh":2,"minecraft:beef":8,"minecraft:iron_ingot":1,"minecraft:stone_pickaxe":1,"minecraft:oak_planks":2,"minecraft:black_wool":1,"minecraft:mutton":7,"minecraft:white_wool":2,"minecraft:furnace":2,"minecraft:cobblestone":16,"minecraft:egg":2},"minecraft:custom":{"minecraft:time_since_rest":25528,"minecraft:interact_with_furnace":12,"minecraft:sprint_one_cm":59130,"minecraft:damage_taken":190,"minecraft:walk_one_cm":30426,"minecraft:mob_kills":16,"minecraft:damage_dealt":1539,"minecraft:interact_with_crafting_table":2,"minecraft:fly_one_cm":22333,"minecraft:play_time":25528,"tombstone:undead_killed":2,"minecraft:jump":139,"minecraft:leave_game":1,"minecraft:time_since_death":25528,"minecraft:total_world_time":25528,"minecraft:fall_one_cm":3445}},"DataVersion":3465}