{"stats":{"minecraft:killed":{"vampirism:vampire":2,"minecraft:sheep":6,"minecraft:zombie":2,"minecraft:chicken":4,"minecraft:enderman":1,"minecraft:cow":4},"minecraft:mined":{"minecraft:acacia_log":4,"minecraft:grass_block":4,"minecraft:cobblestone":3,"minecraft:moss_block":1,"supplementaries:urn":1,"minecraft:furnace":2,"minecraft:birch_log":17,"minecraft:iron_ore":7,"evilcraft:dark_ore":1,"minecraft:grass":12,"minecraft:oak_log":31,"minecraft:dirt":6,"minecraft:cobweb":13,"minecraft:stone":18,"minecraft:oak_leaves":1},"minecraft:crafted":{"minecraft:oak_planks":33,"minecraft:crafting_table":3,"minecraft:wooden_pickaxe":1,"minecraft:cooked_chicken":3,"minecraft:birch_planks":26,"minecraft:stone_axe":1,"minecraft:cooked_mutton":7,"minecraft:air":188,"minecraft:stick":12,"minecraft:stone_pickaxe":1,"minecraft:stone_sword":1},"minecraft:broken":{"minecraft:stone_pickaxe":1},"minecraft:used":{"minecraft:moss_block":1,"minecraft:cooked_mutton":3,"minecraft:stone_sword":80,"minecraft:stone_pickaxe":23,"minecraft:oak_planks":30,"minecraft:wooden_pickaxe":15,"minecraft:cooked_chicken":3,"minecraft:rotten_flesh":4,"minecraft:torch":4,"minecraft:dirt":4,"minecraft:crafting_table":1,"minecraft:stone_axe":32,"minecraft:cobblestone":9,"minecraft:furnace":1,"tombstone:gift":1},"minecraft:picked_up":{"minecraft:birch_log":17,"minecraft:crafting_table":1,"minecraft:feather":3,"minecraft:chicken":4,"minecraft:glow_ink_sac":3,"minecraft:leather":3,"minecraft:birch_planks":5,"minecraft:oak_log":33,"minecraft:string":14,"minecraft:dirt":10,"minecraft:wheat_seeds":2,"minecraft:cobbled_deepslate":1,"minecraft:stone_pickaxe":1,"minecraft:beef":8,"minecraft:iron_ingot":1,"minecraft:moss_block":1,"minecraft:oak_planks":5,"minecraft:egg":2,"minecraft:furnace":2,"minecraft:raw_iron":7,"minecraft:torch":11,"minecraft:acacia_log":4,"vampirism:vampire_fang":1,"minecraft:rotten_flesh":4,"evilcraft:dark_gem":5,"minecraft:oak_sapling":1,"minecraft:black_wool":1,"minecraft:mutton":7,"minecraft:white_wool":2,"minecraft:cobblestone":21},"minecraft:custom":{"minecraft:interact_with_furnace":13,"minecraft:mob_kills":19,"minecraft:interact_with_crafting_table":2,"minecraft:open_barrel":3,"minecraft:damage_dealt_resisted":243,"minecraft:leave_game":4,"minecraft:time_since_death":0,"minecraft:climb_one_cm":20,"minecraft:time_since_rest":0,"minecraft:sprint_one_cm":127463,"minecraft:damage_taken":770,"minecraft:walk_one_cm":76806,"minecraft:drop":3,"minecraft:damage_dealt":2787,"minecraft:fly_one_cm":46576,"minecraft:open_chest":1,"minecraft:crouch_one_cm":638,"minecraft:play_time":44936,"tombstone:undead_killed":2,"minecraft:deaths":2,"minecraft:sneak_time":175,"minecraft:walk_under_water_one_cm":3746,"minecraft:jump":334,"minecraft:walk_on_water_one_cm":6944,"minecraft:total_world_time":44936,"minecraft:fall_one_cm":6589},"minecraft:dropped":{"minecraft:acacia_log":3}},"DataVersion":3465}