{"stats":{"minecraft:killed":{"minecraft:sheep":6,"vampirism:vampire":2,"minecraft:zombie":2,"minecraft:chicken":4,"minecraft:enderman":1,"minecraft:cow":4},"minecraft:mined":{"minecraft:furnace":2,"minecraft:iron_ore":7,"minecraft:birch_log":17,"evilcraft:dark_ore":1,"minecraft:grass":4,"minecraft:grass_block":4,"minecraft:oak_log":22,"minecraft:dirt":5,"minecraft:cobweb":13,"minecraft:cobblestone":3,"minecraft:stone":18,"supplementaries:urn":1},"minecraft:crafted":{"minecraft:oak_planks":22,"minecraft:crafting_table":2,"minecraft:stick":12,"minecraft:wooden_pickaxe":1,"minecraft:cooked_chicken":3,"minecraft:stone_pickaxe":1,"minecraft:stone_sword":1,"minecraft:birch_planks":26,"minecraft:stone_axe":1,"minecraft:cooked_mutton":7,"minecraft:air":144},"minecraft:broken":{"minecraft:stone_pickaxe":1},"minecraft:used":{"minecraft:cooked_mutton":3,"minecraft:stone_sword":80,"minecraft:stone_pickaxe":23,"minecraft:oak_planks":30,"minecraft:wooden_pickaxe":15,"minecraft:cooked_chicken":3,"minecraft:rotten_flesh":2,"minecraft:stone_axe":32,"minecraft:torch":4,"minecraft:dirt":3,"minecraft:cobblestone":9,"minecraft:crafting_table":1,"minecraft:furnace":1},"minecraft:picked_up":{"minecraft:birch_log":17,"minecraft:raw_iron":7,"minecraft:feather":3,"minecraft:chicken":4,"minecraft:glow_ink_sac":3,"minecraft:leather":3,"minecraft:torch":11,"minecraft:birch_planks":5,"minecraft:oak_log":22,"vampirism:vampire_fang":1,"minecraft:string":14,"minecraft:dirt":9,"minecraft:rotten_flesh":2,"minecraft:cobbled_deepslate":1,"evilcraft:dark_gem":5,"minecraft:beef":8,"minecraft:iron_ingot":1,"minecraft:stone_pickaxe":1,"minecraft:oak_planks":5,"minecraft:black_wool":1,"minecraft:mutton":7,"minecraft:white_wool":2,"minecraft:furnace":2,"minecraft:cobblestone":21,"minecraft:egg":2},"minecraft:custom":{"minecraft:time_since_rest":0,"minecraft:interact_with_furnace":13,"minecraft:sprint_one_cm":84417,"minecraft:damage_taken":520,"minecraft:walk_one_cm":59258,"minecraft:mob_kills":19,"minecraft:damage_dealt":2725,"minecraft:open_chest":1,"minecraft:interact_with_crafting_table":2,"minecraft:fly_one_cm":28858,"minecraft:open_barrel":3,"minecraft:crouch_one_cm":633,"minecraft:play_time":34119,"tombstone:undead_killed":2,"minecraft:deaths":1,"minecraft:sneak_time":111,"minecraft:walk_under_water_one_cm":3746,"minecraft:damage_dealt_resisted":243,"minecraft:jump":241,"minecraft:leave_game":2,"minecraft:walk_on_water_one_cm":6944,"minecraft:time_since_death":0,"minecraft:climb_one_cm":20,"minecraft:total_world_time":34119,"minecraft:fall_one_cm":4676}},"DataVersion":3465}