{"stats":{"minecraft:killed":{"minecraft:zombie":3,"minecraft:chicken":1},"minecraft:mined":{"minecraft:birch_log":7,"minecraft:iron_ore":33,"minecraft:andesite":2,"minecraft:crafting_table":1,"minecraft:grass":4,"minecraft:grass_block":1,"minecraft:coal_ore":20,"minecraft:stone":78},"minecraft:crafted":{"minecraft:iron_boots":1,"minecraft:iron_chestplate":1,"minecraft:crafting_table":2,"minecraft:stick":16,"minecraft:iron_pickaxe":1,"minecraft:iron_ingot":17,"minecraft:wooden_pickaxe":1,"minecraft:stone_pickaxe":1,"minecraft:stone_sword":1,"minecraft:furnace":1,"minecraft:birch_planks":28,"minecraft:air":1},"minecraft:used":{"minecraft:stone_sword":13,"minecraft:chicken":1,"minecraft:stone_pickaxe":121,"minecraft:wooden_pickaxe":12,"minecraft:rotten_flesh":3,"minecraft:dirt":1,"minecraft:cobblestone":17,"minecraft:crafting_table":2,"minecraft:furnace":1},"minecraft:picked_up":{"minecraft:birch_log":7,"minecraft:crafting_table":1,"minecraft:raw_iron":33,"minecraft:feather":2,"minecraft:chicken":1,"minecraft:andesite":2,"minecraft:dirt":1,"minecraft:bundle":1,"minecraft:stone_sword":1,"minecraft:rotten_flesh":3,"minecraft:coal":20,"minecraft:cobblestone":78},"minecraft:custom":{"minecraft:time_since_rest":15340,"minecraft:interact_with_furnace":14,"minecraft:sprint_one_cm":22027,"minecraft:damage_taken":240,"minecraft:walk_one_cm":45568,"minecraft:mob_kills":4,"minecraft:drop":4,"minecraft:damage_dealt":557,"minecraft:interact_with_crafting_table":7,"minecraft:fly_one_cm":20691,"minecraft:crouch_one_cm":1953,"minecraft:play_time":15340,"tombstone:undead_killed":3,"minecraft:sneak_time":1088,"minecraft:jump":176,"minecraft:time_since_death":15340,"minecraft:walk_on_water_one_cm":896,"minecraft:total_world_time":15340,"minecraft:fall_one_cm":5992},"minecraft:dropped":{"minecraft:stone_sword":1,"minecraft:andesite":1,"minecraft:cobblestone":1,"minecraft:stone_pickaxe":1}},"DataVersion":3465}