{"stats":{"minecraft:killed":{"minecraft:sheep":2,"minecraft:skeleton":1,"minecraft:zombie":4,"minecraft:chicken":3,"minecraft:cow":9},"minecraft:mined":{"minecraft:smoker":2,"minecraft:brewing_stand":1,"minecraft:crafting_table":2,"minecraft:grass_block":1,"minecraft:campfire":1,"minecraft:copper_ore":3,"minecraft:tall_grass":3,"minecraft:cyan_bed":1,"minecraft:cartography_table":1,"minecraft:oak_planks":1,"supplementaries:urn":1,"minecraft:furnace":2,"minecraft:birch_log":14,"minecraft:iron_ore":45,"minecraft:andesite":2,"evilcraft:dark_ore":2,"minecraft:grass":4,"minecraft:coal_ore":30,"minecraft:oak_log":22,"minecraft:stone":88,"minecraft:oak_leaves":3},"minecraft:crafted":{"minecraft:cooked_beef":20,"sophisticatedbackpacks:backpack":1,"minecraft:crafting_table":3,"minecraft:wooden_pickaxe":1,"minecraft:iron_helmet":1,"minecraft:cooked_chicken":3,"minecraft:iron_sword":1,"minecraft:furnace":3,"minecraft:copper_ingot":8,"minecraft:birch_planks":40,"minecraft:stone_axe":1,"minecraft:cooked_mutton":6,"minecraft:air":18,"sophisticatedbackpacks:copper_backpack":1,"minecraft:iron_boots":1,"minecraft:iron_chestplate":1,"minecraft:shield":1,"minecraft:stick":16,"minecraft:iron_ingot":34,"minecraft:iron_pickaxe":1,"minecraft:stone_pickaxe":2,"minecraft:chest":1,"minecraft:stone_sword":1,"minecraft:iron_leggings":1,"sophisticatedbackpacks:iron_backpack":1},"minecraft:used":{"minecraft:cooked_mutton":4,"minecraft:stone_sword":28,"minecraft:stone_pickaxe":164,"minecraft:oak_planks":1,"minecraft:shield":1,"minecraft:wooden_pickaxe":12,"minecraft:iron_sword":3,"minecraft:cooked_chicken":3,"minecraft:rotten_flesh":3,"minecraft:dirt":1,"minecraft:crafting_table":5,"minecraft:smoker":1,"minecraft:chicken":1,"minecraft:stone_axe":52,"minecraft:cobblestone":46,"minecraft:furnace":5,"minecraft:birch_log":1,"minecraft:egg":4},"minecraft:picked_up":{"minecraft:birch_log":14,"minecraft:charcoal":2,"minecraft:crafting_table":2,"minecraft:feather":3,"minecraft:chicken":3,"minecraft:glow_ink_sac":1,"minecraft:andesite":2,"minecraft:leather":7,"minecraft:smoker":2,"minecraft:pink_wool":1,"minecraft:oak_log":22,"minecraft:brewing_stand":1,"minecraft:dirt":1,"minecraft:raw_copper":14,"minecraft:bone":2,"minecraft:cartography_table":1,"minecraft:beef":20,"minecraft:oak_planks":1,"minecraft:furnace":2,"minecraft:egg":4,"minecraft:raw_iron":45,"minecraft:torch":10,"minecraft:cyan_bed":1,"minecraft:bundle":1,"minecraft:stone_sword":1,"minecraft:arrow":1,"minecraft:rotten_flesh":4,"evilcraft:dark_gem":8,"minecraft:mutton":6,"minecraft:coal":30,"minecraft:white_wool":4,"minecraft:cobblestone":89},"minecraft:custom":{"minecraft:interact_with_furnace":48,"minecraft:mob_kills":19,"minecraft:interact_with_crafting_table":25,"minecraft:open_barrel":4,"minecraft:leave_game":1,"minecraft:time_since_death":35957,"minecraft:climb_one_cm":84,"minecraft:time_since_rest":35957,"minecraft:sprint_one_cm":74942,"minecraft:damage_taken":528,"minecraft:walk_one_cm":89529,"minecraft:damage_blocked_by_shield":30,"minecraft:drop":10,"minecraft:damage_dealt":2464,"minecraft:swim_one_cm":1937,"minecraft:fly_one_cm":57079,"minecraft:open_chest":5,"tombstone:undead_killed":5,"minecraft:crouch_one_cm":3926,"minecraft:play_time":35957,"minecraft:sneak_time":1921,"minecraft:walk_under_water_one_cm":9692,"minecraft:jump":394,"minecraft:walk_on_water_one_cm":8182,"minecraft:interact_with_smoker":11,"minecraft:total_world_time":35957,"minecraft:fall_one_cm":12156},"minecraft:dropped":{"minecraft:glow_ink_sac":1,"minecraft:stone_sword":1,"minecraft:feather":3,"minecraft:cobblestone":1,"minecraft:rotten_flesh":1,"minecraft:smoker":1,"minecraft:andesite":1,"minecraft:arrow":1,"minecraft:stone_pickaxe":1,"minecraft:wooden_pickaxe":1}},"DataVersion":3465}