{"stats":{"minecraft:killed":{"minecraft:sheep":2,"minecraft:skeleton":1,"minecraft:zombie":4,"minecraft:chicken":3,"minecraft:cow":9},"minecraft:mined":{"minecraft:crafting_table":2,"minecraft:grass_block":1,"minecraft:copper_ore":2,"minecraft:tall_grass":3,"minecraft:furnace":2,"minecraft:birch_log":14,"minecraft:iron_ore":35,"minecraft:andesite":2,"minecraft:grass":4,"minecraft:coal_ore":20,"minecraft:oak_log":22,"minecraft:stone":79,"minecraft:oak_leaves":3},"minecraft:crafted":{"minecraft:crafting_table":2,"minecraft:wooden_pickaxe":1,"minecraft:iron_helmet":1,"minecraft:cooked_chicken":3,"minecraft:iron_sword":1,"minecraft:furnace":2,"minecraft:copper_ingot":5,"minecraft:birch_planks":36,"minecraft:stone_axe":1,"minecraft:air":1,"minecraft:iron_boots":1,"minecraft:iron_chestplate":1,"minecraft:shield":1,"minecraft:stick":16,"minecraft:iron_ingot":33,"minecraft:iron_pickaxe":1,"minecraft:stone_pickaxe":2,"minecraft:chest":1,"minecraft:stone_sword":1,"minecraft:iron_leggings":1},"minecraft:used":{"minecraft:stone_sword":24,"minecraft:stone_pickaxe":128,"minecraft:wooden_pickaxe":12,"minecraft:iron_sword":3,"minecraft:cooked_chicken":2,"minecraft:rotten_flesh":3,"minecraft:dirt":1,"minecraft:crafting_table":3,"minecraft:chicken":1,"minecraft:stone_axe":49,"minecraft:cobblestone":21,"minecraft:furnace":4,"minecraft:birch_log":1,"minecraft:egg":4},"minecraft:picked_up":{"minecraft:birch_log":14,"minecraft:crafting_table":2,"minecraft:feather":3,"minecraft:chicken":3,"minecraft:andesite":2,"minecraft:leather":7,"minecraft:pink_wool":1,"minecraft:oak_log":22,"minecraft:dirt":1,"minecraft:raw_copper":9,"minecraft:bone":2,"minecraft:beef":20,"minecraft:furnace":2,"minecraft:egg":4,"minecraft:raw_iron":35,"minecraft:bundle":1,"minecraft:stone_sword":1,"minecraft:arrow":1,"minecraft:rotten_flesh":4,"minecraft:mutton":6,"minecraft:coal":20,"minecraft:white_wool":4,"minecraft:cobblestone":78},"minecraft:custom":{"minecraft:interact_with_furnace":40,"minecraft:mob_kills":19,"minecraft:interact_with_crafting_table":20,"minecraft:time_since_death":27340,"minecraft:climb_one_cm":28,"minecraft:time_since_rest":27340,"minecraft:sprint_one_cm":59306,"minecraft:damage_taken":305,"minecraft:walk_one_cm":76195,"minecraft:drop":7,"minecraft:damage_dealt":2263,"minecraft:fly_one_cm":51341,"tombstone:undead_killed":5,"minecraft:crouch_one_cm":2863,"minecraft:play_time":27340,"minecraft:sneak_time":1404,"minecraft:walk_under_water_one_cm":2592,"minecraft:jump":316,"minecraft:walk_on_water_one_cm":2401,"minecraft:total_world_time":27340,"minecraft:fall_one_cm":9392},"minecraft:dropped":{"minecraft:stone_sword":1,"minecraft:cobblestone":1,"minecraft:rotten_flesh":1,"minecraft:andesite":1,"minecraft:arrow":1,"minecraft:stone_pickaxe":1,"minecraft:wooden_pickaxe":1}},"DataVersion":3465}