{"stats":{"minecraft:killed":{"minecraft:spider":2,"minecraft:sheep":2,"minecraft:skeleton":1,"minecraft:zombie":5,"minecraft:chicken":3,"minecraft:cow":9},"minecraft:mined":{"minecraft:smoker":2,"paraglider:rito_goddess_statue":1,"minecraft:brewing_stand":1,"minecraft:crafting_table":4,"minecraft:grass_block":3,"minecraft:campfire":1,"minecraft:tall_grass":7,"minecraft:copper_ore":3,"minecraft:cyan_bed":1,"minecraft:cartography_table":1,"minecraft:oak_planks":1,"supplementaries:urn":1,"minecraft:furnace":4,"minecraft:birch_log":14,"minecraft:iron_ore":45,"minecraft:andesite":2,"evilcraft:dark_ore":4,"minecraft:grass":27,"minecraft:oak_log":31,"minecraft:coal_ore":34,"minecraft:dirt":2,"minecraft:stone":96,"minecraft:oak_leaves":6},"minecraft:crafted":{"minecraft:cooked_beef":20,"sophisticatedbackpacks:backpack":1,"minecraft:crafting_table":3,"minecraft:wooden_pickaxe":1,"minecraft:iron_helmet":1,"minecraft:cooked_chicken":3,"minecraft:iron_sword":1,"minecraft:furnace":3,"minecraft:copper_ingot":12,"minecraft:birch_planks":40,"minecraft:stone_axe":1,"minecraft:cooked_mutton":6,"minecraft:air":18,"sophisticatedbackpacks:copper_backpack":1,"minecraft:iron_boots":1,"minecraft:iron_chestplate":1,"minecraft:shield":1,"minecraft:stick":16,"minecraft:iron_ingot":45,"minecraft:iron_pickaxe":1,"minecraft:stone_pickaxe":2,"minecraft:stone_sword":1,"minecraft:chest":1,"minecraft:iron_leggings":1,"sophisticatedbackpacks:iron_backpack":1},"minecraft:used":{"minecraft:cooked_mutton":4,"minecraft:stone_sword":39,"minecraft:stone_pickaxe":180,"minecraft:oak_planks":1,"minecraft:wooden_pickaxe":12,"minecraft:shield":1,"minecraft:iron_sword":3,"minecraft:cooked_chicken":3,"minecraft:rotten_flesh":3,"minecraft:dirt":1,"minecraft:crafting_table":5,"minecraft:smoker":1,"minecraft:chicken":1,"minecraft:iron_pickaxe":2,"minecraft:stone_axe":66,"minecraft:cobblestone":61,"minecraft:furnace":5,"minecraft:birch_log":1,"minecraft:egg":4,"minecraft:cooked_beef":3},"minecraft:picked_up":{"minecraft:birch_log":14,"minecraft:charcoal":2,"minecraft:crafting_table":5,"minecraft:feather":3,"minecraft:chicken":3,"minecraft:glow_ink_sac":1,"minecraft:andesite":2,"minecraft:leather":7,"minecraft:smoker":4,"minecraft:pink_wool":1,"waystones:sandy_waystone":1,"minecraft:oak_log":23,"minecraft:brewing_stand":1,"minecraft:string":2,"minecraft:dirt":5,"minecraft:raw_copper":14,"minecraft:bone":2,"paraglider:rito_goddess_statue":1,"minecraft:wheat_seeds":2,"minecraft:cartography_table":1,"minecraft:beef":20,"minecraft:oak_planks":1,"minecraft:furnace":4,"minecraft:egg":4,"minecraft:raw_iron":45,"minecraft:torch":10,"minecraft:cyan_bed":1,"minecraft:spider_eye":1,"minecraft:bundle":1,"minecraft:stone_sword":1,"minecraft:arrow":1,"minecraft:rotten_flesh":6,"evilcraft:dark_gem":17,"minecraft:oak_sapling":1,"minecraft:mutton":6,"minecraft:coal":34,"minecraft:white_wool":4,"minecraft:cobblestone":97},"minecraft:custom":{"minecraft:interact_with_furnace":56,"minecraft:mob_kills":22,"minecraft:interact_with_crafting_table":25,"minecraft:open_barrel":5,"minecraft:leave_game":2,"minecraft:time_since_death":58195,"minecraft:climb_one_cm":616,"minecraft:time_since_rest":58195,"minecraft:waystone_activated":1,"minecraft:sprint_one_cm":145270,"minecraft:damage_taken":752,"minecraft:walk_one_cm":142752,"minecraft:damage_blocked_by_shield":30,"minecraft:drop":24,"minecraft:damage_dealt":2983,"minecraft:swim_one_cm":1937,"minecraft:fly_one_cm":165891,"minecraft:open_chest":7,"minecraft:play_time":58195,"minecraft:crouch_one_cm":4733,"tombstone:undead_killed":6,"minecraft:sneak_time":2293,"minecraft:walk_under_water_one_cm":9692,"minecraft:jump":803,"minecraft:walk_on_water_one_cm":8376,"minecraft:total_world_time":58195,"minecraft:interact_with_smoker":11,"vampirism:interact_with_injection_chair":1,"minecraft:fall_one_cm":24257},"minecraft:dropped":{"minecraft:wheat_seeds":2,"minecraft:cooked_beef":1,"minecraft:glow_ink_sac":1,"minecraft:stone_sword":1,"minecraft:rotten_flesh":3,"minecraft:feather":3,"minecraft:cobblestone":1,"minecraft:smoker":3,"minecraft:cooked_mutton":2,"minecraft:dirt":4,"minecraft:andesite":1,"minecraft:oak_sapling":1,"minecraft:spider_eye":1,"minecraft:arrow":1,"minecraft:stone_pickaxe":1,"minecraft:wooden_pickaxe":1}},"DataVersion":3465}