{"stats":{"minecraft:crafted":{"minecraft:birch_planks":28,"minecraft:crafting_table":1,"minecraft:stick":4,"minecraft:wooden_pickaxe":1,"minecraft:stone_pickaxe":1},"minecraft:mined":{"minecraft:grass":3,"minecraft:iron_ore":1,"minecraft:birch_log":7,"minecraft:stone":40,"minecraft:andesite":1},"minecraft:used":{"minecraft:crafting_table":1,"minecraft:stone_pickaxe":30,"minecraft:wooden_pickaxe":12},"minecraft:picked_up":{"minecraft:birch_log":7,"minecraft:raw_iron":1,"minecraft:andesite":1,"minecraft:cobblestone":39},"minecraft:custom":{"minecraft:time_since_rest":3340,"minecraft:crouch_one_cm":1525,"minecraft:play_time":3340,"minecraft:sprint_one_cm":2602,"minecraft:damage_taken":30,"minecraft:walk_one_cm":9049,"minecraft:sneak_time":871,"minecraft:jump":8,"minecraft:damage_dealt":10,"minecraft:time_since_death":3340,"minecraft:total_world_time":3340,"minecraft:interact_with_crafting_table":2,"minecraft:fall_one_cm":1239,"minecraft:fly_one_cm":1004}},"DataVersion":3465}