{"stats":{"minecraft:killed":{"minecraft:spider":1},"minecraft:crafted":{"minecraft:oak_planks":16,"minecraft:acacia_planks":6,"minecraft:crafting_table":2,"minecraft:air":88},"minecraft:mined":{"minecraft:grass":2,"minecraft:grass_block":2,"minecraft:oak_log":10,"minecraft:acacia_log":5},"minecraft:used":{"minecraft:cooked_mutton":2,"minecraft:dirt":2,"minecraft:cooked_beef":1},"minecraft:picked_up":{"minecraft:cooked_mutton":2,"minecraft:cooked_beef":1,"minecraft:wheat_seeds":3,"minecraft:acacia_log":6,"minecraft:oak_log":16,"minecraft:oak_sapling":1,"minecraft:dirt":6},"minecraft:custom":{"minecraft:time_since_rest":12464,"minecraft:play_time":12464,"minecraft:sprint_one_cm":45794,"minecraft:crouch_one_cm":1704,"minecraft:damage_taken":298,"minecraft:walk_one_cm":28430,"minecraft:sneak_time":835,"minecraft:mob_kills":1,"minecraft:drop":7,"minecraft:jump":152,"minecraft:damage_dealt":376,"minecraft:time_since_death":12464,"minecraft:total_world_time":12464,"minecraft:fall_one_cm":5005,"minecraft:fly_one_cm":31342},"minecraft:dropped":{"minecraft:dirt":4,"minecraft:wheat_seeds":2,"minecraft:crafting_table":1,"minecraft:oak_sapling":1}},"DataVersion":3465}