{"stats":{"minecraft:killed":{"minecraft:pig":2,"minecraft:spider":1,"minecraft:skeleton":3},"minecraft:mined":{"minecraft:packed_mud":2,"minecraft:iron_ore":1,"vampirism:med_chair":1,"minecraft:crafting_table":2,"minecraft:coal_ore":7,"minecraft:grass":8,"minecraft:acacia_log":5,"minecraft:grass_block":2,"minecraft:oak_log":10,"minecraft:tall_grass":2,"minecraft:stone":26,"minecraft:moss_block":2,"minecraft:hay_block":12},"minecraft:crafted":{"minecraft:wooden_sword":1,"minecraft:oak_planks":16,"minecraft:crafting_table":4,"minecraft:stick":12,"minecraft:wooden_pickaxe":1,"minecraft:stone_pickaxe":1,"minecraft:wooden_axe":1,"minecraft:stone_sword":1,"minecraft:acacia_planks":6,"minecraft:air":88},"minecraft:used":{"minecraft:moss_block":2,"minecraft:cooked_mutton":2,"minecraft:wooden_axe":17,"minecraft:stone_sword":27,"minecraft:stone_pickaxe":27,"minecraft:oak_planks":4,"minecraft:wooden_pickaxe":9,"minecraft:wooden_sword":1,"minecraft:dirt":2,"minecraft:crafting_table":3,"minecraft:porkchop":4,"minecraft:cooked_beef":1,"minecraft:acacia_planks":6},"minecraft:picked_up":{"minecraft:raw_iron":1,"minecraft:stick":3,"minecraft:crafting_table":1,"minecraft:cooked_beef":1,"minecraft:wooden_pickaxe":1,"minecraft:acacia_log":6,"minecraft:porkchop":6,"minecraft:packed_mud":2,"minecraft:oak_log":16,"vampirism:vampire_fang":1,"minecraft:bone":1,"minecraft:dirt":6,"minecraft:cooked_mutton":2,"minecraft:stone_sword":1,"minecraft:arrow":2,"minecraft:wheat_seeds":6,"minecraft:hay_block":12,"minecraft:oak_sapling":1,"minecraft:moss_block":2,"minecraft:coal":7,"minecraft:oak_planks":44,"vampirism:med_chair":1,"minecraft:cobblestone":26},"minecraft:custom":{"minecraft:time_since_rest":0,"minecraft:sprint_one_cm":74904,"minecraft:damage_taken":827,"minecraft:walk_one_cm":64241,"minecraft:mob_kills":6,"minecraft:drop":16,"minecraft:damage_dealt":1224,"minecraft:open_barrel":1,"minecraft:open_chest":1,"minecraft:interact_with_crafting_table":5,"minecraft:fly_one_cm":67004,"tombstone:undead_killed":3,"minecraft:crouch_one_cm":1704,"minecraft:play_time":24337,"minecraft:deaths":2,"minecraft:sneak_time":849,"minecraft:walk_under_water_one_cm":202,"minecraft:jump":330,"minecraft:leave_game":1,"minecraft:walk_on_water_one_cm":178,"minecraft:time_since_death":0,"minecraft:total_world_time":24337,"vampirism:interact_with_injection_chair":1,"minecraft:fall_one_cm":8369},"minecraft:dropped":{"minecraft:packed_mud":2,"minecraft:dirt":4,"minecraft:porkchop":1,"minecraft:wheat_seeds":5,"minecraft:stone_sword":1,"minecraft:crafting_table":1,"minecraft:oak_sapling":1,"minecraft:wooden_sword":1,"minecraft:wooden_pickaxe":2}},"DataVersion":3465}